frame	integer_motion2	integer_motion	integer_adm2	integer_adm_scale0	integer_adm_scale1	integer_adm_scale2	integer_adm_scale3	integer_vif_scale0	integer_vif_scale1	integer_vif_scale2	integer_vif_scale3	vmaf
0	0	0	0.484146	0.813859	0.513147	0.382859	0.369666	0.143988	0.19043	0.194154	0.179139	0	0
1	0.013812	0.035718	0.480721	0.814186	0.514755	0.377939	0.361858	0.144252	0.190829	0.194708	0.179369	0	1
2	0.013812	0.013812	0.487486	0.814196	0.512878	0.405746	0.361507	0.144092	0.190869	0.19492	0.179511	0	2
3	0.028115	0.840242	0.49057	0.833092	0.542112	0.389628	0.356716	0.147011	0.193672	0.197539	0.180502	0	3
4	0.028115	0.028115	0.497385	0.832262	0.54169	0.380413	0.384903	0.146845	0.193733	0.197745	0.180259	0	4
5	0.076768	0.076768	0.500105	0.833092	0.542432	0.39115	0.383554	0.148773	0.195318	0.198673	0.180973	0	5
6	0.014447	1.027831	0.513196	0.839206	0.538949	0.390607	0.418859	0.14831	0.197056	0.201106	0.183924	0	6
7	0.014447	0.014447	0.513019	0.839108	0.538828	0.390647	0.418424	0.148165	0.196798	0.200915	0.183211	0	7
8	0.039294	0.039294	0.516437	0.839271	0.537731	0.403807	0.418826	0.147776	0.196803	0.201097	0.183528	0	8
9	0.058901	0.943761	0.494596	0.835109	0.531306	0.387026	0.373537	0.155426	0.204281	0.207523	0.189403	0	9
10	0.046627	0.058901	0.494626	0.834872	0.529711	0.385658	0.375793	0.155274	0.204299	0.207496	0.188968	0	10
11	0.046627	0.046627	0.495834	0.835231	0.528787	0.394654	0.372705	0.155431	0.204521	0.207836	0.188939	0	11
12	0.047422	1.215016	0.517226	0.834202	0.533776	0.380747	0.442286	0.147778	0.199626	0.204409	0.188712	0	12
13	0.014321	0.047422	0.516724	0.833584	0.534747	0.381962	0.439402	0.148185	0.199979	0.20521	0.189135	0	13
14	0.014321	0.014321	0.490028	0.833607	0.533761	0.379891	0.360385	0.148151	0.199758	0.204865	0.188755	0	14
15	0.016452	1.323092	0.505641	0.833306	0.542713	0.4227	0.371893	0.152668	0.201542	0.205531	0.186704	0	15
16	0.016452	0.016452	0.505404	0.833064	0.542622	0.425744	0.368952	0.152382	0.201322	0.205853	0.187135	0	16
17	0.056198	0.056198	0.505418	0.833532	0.543707	0.395645	0.391799	0.153491	0.201993	0.205869	0.187118	0	17
18	0.018962	1.225329	0.497832	0.828334	0.539592	0.373189	0.386465	0.148446	0.197375	0.201558	0.184756	0	18
19	0.018962	0.018962	0.494226	0.828069	0.540799	0.360005	0.385431	0.148519	0.197405	0.201475	0.185853	0	19
20	0.044999	0.044999	0.503512	0.827985	0.539799	0.367405	0.408682	0.148236	0.197354	0.201833	0.184022	0	20
21	0.037165	1.250327	0.483741	0.823174	0.536589	0.389895	0.335677	0.155277	0.203722	0.207837	0.188992	0	21
22	0.037165	0.037165	0.484553	0.823101	0.536367	0.392899	0.3358	0.154901	0.203462	0.207402	0.188926	0	22
23	0.038487	0.038487	0.486809	0.822827	0.534828	0.391806	0.344978	0.155136	0.203734	0.208021	0.189364	0	23
24	0.033554	1.171618	0.500335	0.826261	0.54509	0.416246	0.357417	0.149396	0.199423	0.204177	0.187144	0	24
25	0.008744	0.033554	0.496307	0.826428	0.545594	0.414648	0.345957	0.149662	0.199353	0.203943	0.186847	0	25
26	0.008744	0.008744	0.503856	0.826574	0.545738	0.414521	0.368931	0.149592	0.199395	0.204033	0.187079	0	26
27	0.021458	1.587242	0.536071	0.849023	0.56671	0.403553	0.457396	0.157241	0.203763	0.207231	0.187117	0	27
28	0.021458	0.021458	0.53746	0.849528	0.572873	0.402638	0.458162	0.157088	0.203706	0.207147	0.186937	0	28
29	0.063604	0.063604	0.541099	0.84945	0.568113	0.398347	0.475056	0.158057	0.204021	0.20758	0.18728	0	29
30	0.018616	1.206329	0.521324	0.853298	0.566551	0.381533	0.424424	0.155601	0.20482	0.208211	0.187917	0	30
31	0.018616	0.018616	0.521587	0.854703	0.566819	0.381734	0.424116	0.155642	0.204869	0.208487	0.187546	0	31
32	0.043125	0.043125	0.521711	0.852404	0.567278	0.388796	0.419973	0.155261	0.20459	0.20844	0.187921	0	32
33	0.030834	1.111681	0.510158	0.844339	0.55241	0.42835	0.369854	0.159408	0.207234	0.209829	0.187787	0	33
34	0.030834	0.030834	0.503765	0.844306	0.552157	0.428109	0.351356	0.159309	0.207196	0.209384	0.188193	0	34
35	0.034154	0.034154	0.504845	0.846757	0.55167	0.430405	0.351819	0.159523	0.207106	0.209414	0.187919	0	35
36	0.051498	1.449602	0.520343	0.84964	0.569921	0.379575	0.425668	0.143799	0.192754	0.19678	0.1802	0	36
37	0.013617	0.051498	0.516636	0.849961	0.568444	0.368681	0.424144	0.143862	0.192348	0.196899	0.179987	0	37
38	0.013617	0.013617	0.520213	0.850194	0.568377	0.379516	0.426109	0.143874	0.192407	0.196999	0.179938	0	38
39	0.020383	1.529591	0.499108	0.84326	0.558679	0.383639	0.374079	0.152762	0.199347	0.203344	0.182681	0	39
40	0.020383	0.020383	0.497602	0.843216	0.556609	0.384953	0.36999	0.152491	0.199108	0.203044	0.182934	0	40
41	0.046216	0.046216	0.492586	0.842743	0.556568	0.411257	0.335409	0.153095	0.199438	0.202963	0.182853	0	41
42	0.016364	1.102971	0.499328	0.83254	0.539455	0.396055	0.374974	0.15327	0.202813	0.206435	0.186099	0	42
43	0.016364	0.016364	0.510274	0.832755	0.539788	0.437343	0.374743	0.153397	0.202922	0.20687	0.186183	0	43
44	0.043615	0.043615	0.484075	0.832677	0.54118	0.404548	0.321375	0.152604	0.202303	0.206352	0.185978	0	44
45	0.039671	1.102632	0.515007	0.840266	0.542332	0.434999	0.388861	0.154912	0.202652	0.20594	0.186483	0	45
46	0.038282	0.039671	0.512161	0.840153	0.542257	0.42469	0.388574	0.154858	0.20261	0.205751	0.185933	0	46
47	0.038282	0.038282	0.516153	0.84036	0.542058	0.437587	0.390313	0.155075	0.202829	0.206006	0.185678	0	47
48	0.030523	1.21019	0.478985	0.835243	0.542171	0.371861	0.333061	0.14843	0.199274	0.203525	0.185386	0	48
49	0.008761	0.030523	0.481396	0.835682	0.542675	0.371003	0.340343	0.148685	0.199341	0.203695	0.184967	0	49
50	0.008761	0.008761	0.475461	0.835759	0.542944	0.371737	0.321933	0.148709	0.19936	0.203605	0.18527	0	50
51	0.023541	1.485155	0.509071	0.850569	0.575918	0.370977	0.401709	0.155809	0.202868	0.206157	0.186371	0	51
52	0.023541	0.023541	0.508438	0.850582	0.57584	0.36836	0.401936	0.155304	0.202707	0.20606	0.185115	0	52
53	0.062282	0.062282	0.507219	0.850297	0.567115	0.377345	0.397032	0.156208	0.203366	0.206981	0.186702	0	53
54	0.017265	1.065927	0.497063	0.8382	0.53872	0.3652	0.394198	0.152162	0.202542	0.206722	0.188396	0	54
55	0.017265	0.017265	0.50553	0.838519	0.53869	0.382687	0.405327	0.152076	0.202421	0.206855	0.187642	0	55
56	0.043014	0.043014	0.502497	0.838436	0.537015	0.387618	0.394037	0.151259	0.201879	0.206272	0.188481	0	56
57	0.032509	0.9406	0.479727	0.835751	0.533474	0.366686	0.346799	0.154198	0.202678	0.207279	0.189158	0	57
58	0.032509	0.032509	0.48019	0.835593	0.532765	0.370332	0.345804	0.153978	0.202699	0.206903	0.188262	0	58
59	0.049514	0.049514	0.480066	0.835538	0.533694	0.36924	0.345809	0.153931	0.202408	0.206991	0.18811	0	59
60	0.039321	1.111789	0.483471	0.836606	0.5387	0.387265	0.334328	0.143144	0.193676	0.198535	0.182997	0	60
61	0.010291	0.039321	0.488565	0.836859	0.538133	0.407272	0.334372	0.143407	0.193741	0.198836	0.183194	0	61
62	0.010291	0.010291	0.489067	0.836744	0.539724	0.407867	0.334438	0.14343	0.193855	0.199065	0.183068	0	62
63	0.023833	1.25095	0.510841	0.829392	0.54218	0.384278	0.420398	0.14866	0.197779	0.202226	0.185458	0	63
64	0.023833	0.023833	0.515158	0.82915	0.540083	0.404121	0.419651	0.148184	0.19765	0.202035	0.185116	0	64
65	0.057853	0.057853	0.518408	0.829428	0.546699	0.419991	0.412975	0.149235	0.197899	0.202007	0.184837	0	65
66	0.019782	1.000765	0.506349	0.828038	0.542316	0.432344	0.366694	0.145247	0.195775	0.200924	0.182665	0	66
67	0.019782	0.019782	0.508391	0.82793	0.54104	0.441714	0.3665	0.145371	0.195906	0.20097	0.183724	0	67
68	0.049729	0.049729	0.497328	0.827459	0.542718	0.399727	0.364905	0.144845	0.195712	0.200695	0.182617	0	68
69	0.029881	1.034964	0.501463	0.828267	0.536049	0.394764	0.386549	0.148158	0.197258	0.200948	0.182332	0	69
70	0.025963	0.029881	0.504938	0.828246	0.536513	0.407023	0.387195	0.148124	0.197369	0.200848	0.182739	0	70
71	0.025963	0.025963	0.509147	0.828271	0.536216	0.414771	0.393871	0.148301	0.197405	0.201188	0.182459	0	71
72	0.035154	1.151666	0.523435	0.82955	0.538747	0.426284	0.423731	0.139612	0.189397	0.193516	0.175924	0	72
73	0.009989	0.035154	0.51115	0.83073	0.534494	0.389467	0.417703	0.140031	0.189682	0.19358	0.176392	0	73
74	0.009989	0.009989	0.513965	0.830706	0.535224	0.400065	0.417449	0.140162	0.189838	0.193641	0.176237	0	74
75	0.02266	1.658084	0.525964	0.854345	0.572692	0.409296	0.414182	0.148925	0.195672	0.19877	0.17823	0	75
76	0.02266	0.02266	0.531484	0.854244	0.571917	0.422667	0.420629	0.148551	0.195569	0.198259	0.176863	0	76
77	0.062382	0.062382	0.526164	0.854549	0.57104	0.418757	0.408521	0.149821	0.19661	0.198886	0.178633	0	77
78	0.015231	1.421389	0.496435	0.847825	0.560627	0.380186	0.358804	0.143423	0.19123	0.194718	0.176559	0	78
79	0.015231	0.015231	0.494923	0.847865	0.559232	0.382134	0.353664	0.143442	0.191373	0.194922	0.176849	0	79
80	0.039133	0.039133	0.497867	0.847757	0.563275	0.390603	0.353152	0.142918	0.19129	0.194554	0.176686	0	80
81	0.030486	1.305277	0.526285	0.839854	0.54465	0.394595	0.446779	0.149087	0.19503	0.197888	0.176484	0	81
82	0.030486	0.030486	0.490152	0.841001	0.545801	0.396056	0.336367	0.148968	0.195079	0.197987	0.177015	0	82
83	0.045483	0.045483	0.487672	0.840586	0.554238	0.381346	0.335097	0.149059	0.195042	0.197955	0.177015	0	83
84	0.036321	1.397043	0.508009	0.841328	0.556212	0.415374	0.363482	0.13874	0.187458	0.191669	0.173404	0	84
85	0.013404	0.036321	0.513776	0.8412	0.555658	0.404708	0.389779	0.138912	0.187659	0.191698	0.172473	0	85
86	0.013404	0.013404	0.504664	0.841228	0.556432	0.399066	0.36613	0.138923	0.187488	0.191482	0.172882	0	86
87	0.019078	1.474081	0.506284	0.837265	0.538978	0.402603	0.386861	0.145531	0.191134	0.194231	0.174211	0	87
88	0.019078	0.019078	0.507544	0.837317	0.536197	0.403117	0.392066	0.145138	0.190838	0.193943	0.174538	0	88
89	0.042568	0.042568	0.503866	0.837508	0.536124	0.39755	0.385316	0.145941	0.1911	0.194146	0.17474	0	89
90	0.014962	1.419771	0.489778	0.826455	0.54849	0.378474	0.353775	0.139093	0.186604	0.190836	0.171908	0	90
91	0.014962	0.014962	0.489326	0.826652	0.547538	0.377481	0.353808	0.139133	0.186755	0.190929	0.172144	0	91
92	0.040736	0.040736	0.490101	0.827166	0.547654	0.380002	0.353754	0.138757	0.186486	0.190831	0.172366	0	92
93	0.043727	1.329115	0.496498	0.829694	0.541315	0.385579	0.36866	0.14724	0.194599	0.197401	0.176938	0	93
94	0.037274	0.043727	0.493294	0.829663	0.535659	0.424522	0.332307	0.147121	0.194418	0.197082	0.177664	0	94
95	0.037274	0.037274	0.506273	0.829512	0.535897	0.425832	0.370584	0.147236	0.194478	0.196979	0.177493	0	95
96	0.03444	1.30558	0.526452	0.836181	0.538634	0.39528	0.451121	0.136604	0.185516	0.190501	0.17249	0	96
97	0.012027	0.03444	0.532532	0.831227	0.536195	0.396085	0.473249	0.137095	0.185755	0.190436	0.172103	0	97
98	0.012027	0.012027	0.527033	0.831064	0.536284	0.40003	0.453526	0.137114	0.185725	0.190472	0.172583	0	98
99	0.018628	1.58323	0.542928	0.839723	0.557542	0.42399	0.467852	0.148048	0.194979	0.198812	0.178512	0	99
100	0.018628	0.018628	0.545449	0.839638	0.557498	0.423665	0.475493	0.147699	0.194825	0.198604	0.17866	0	100
101	0.056185	0.056185	0.56898	0.840163	0.570343	0.426548	0.533428	0.14883	0.195567	0.199222	0.179679	1.468266	101
102	0.018423	1.166517	0.50122	0.839161	0.568399	0.418883	0.338821	0.148044	0.196495	0.201071	0.181556	0	102
103	0.018423	0.018423	0.500218	0.839144	0.568568	0.420802	0.334351	0.148033	0.196532	0.201057	0.182145	0	103
104	0.045816	0.045816	0.499397	0.839068	0.565241	0.419667	0.334955	0.14735	0.195978	0.200543	0.182865	0	104
105	0.036783	1.052355	0.520519	0.834082	0.545944	0.414227	0.417949	0.151836	0.19828	0.201474	0.181939	0	105
106	0.036783	0.036783	0.523314	0.83441	0.545853	0.415133	0.425343	0.151513	0.197928	0.201349	0.182376	0	106
107	0.03974	0.03974	0.519593	0.834436	0.546101	0.411055	0.417255	0.151806	0.198365	0.20154	0.182322	0	107
108	0.043105	1.332828	0.564516	0.829472	0.540882	0.429083	0.53942	0.143398	0.19302	0.198191	0.179512	1.276641	108
109	0.014228	0.043105	0.570084	0.82947	0.544777	0.428345	0.553791	0.143943	0.193237	0.197782	0.17916	1.756876	109
110	0.014228	0.014228	0.5633	0.829483	0.543832	0.421314	0.539669	0.143862	0.193283	0.198229	0.179824	1.131228	110
111	0.020488	1.441626	0.561414	0.824983	0.53827	0.402577	0.554292	0.14762	0.196059	0.200103	0.180134	0.739428	111
112	0.020488	0.020488	0.558711	0.824581	0.540758	0.398667	0.547865	0.147102	0.195804	0.19968	0.180358	0.525596	112
113	0.050527	0.050527	0.56154	0.824837	0.541015	0.401147	0.554005	0.147713	0.195897	0.199682	0.180738	0.779185	113
114	0.015533	1.327426	0.565999	0.824485	0.534631	0.464228	0.52447	0.141944	0.191302	0.196341	0.179415	1.538339	114
115	0.015533	0.015533	0.573977	0.824784	0.534782	0.470387	0.543123	0.141787	0.191242	0.196029	0.179538	2.272124	115
116	0.037439	0.037439	0.574399	0.824989	0.534592	0.465349	0.54808	0.141505	0.191271	0.196389	0.179085	2.318864	116
117	0.033668	1.304462	0.575765	0.824488	0.551019	0.485476	0.528055	0.147899	0.196327	0.200184	0.183715	2.014593	117
118	0.033668	0.033668	0.581987	0.82472	0.549306	0.492582	0.542044	0.147704	0.196374	0.201011	0.18314	2.575325	118
119	0.034756	0.034756	0.568348	0.825038	0.553683	0.483437	0.505862	0.147831	0.196487	0.20085	0.18353	1.31693	119
120	0.040474	1.155794	0.562379	0.824045	0.530163	0.435511	0.538875	0.140993	0.191972	0.197861	0.180064	1.171233	120
121	0.011835	0.040474	0.555554	0.823515	0.531455	0.416176	0.532474	0.14135	0.192254	0.198069	0.180804	0.523094	121
122	0.011835	0.011835	0.55685	0.823616	0.531067	0.413934	0.538116	0.141412	0.192181	0.197906	0.180865	0.643649	122
123	0.02706	1.432775	0.560102	0.840245	0.561782	0.417005	0.521181	0.149972	0.198182	0.201593	0.182257	0.449499	123
124	0.02706	0.02706	0.560584	0.840629	0.561739	0.420893	0.519624	0.149537	0.197813	0.201326	0.182221	0.522145	124
125	0.071068	0.071068	0.564128	0.841449	0.56096	0.422018	0.528795	0.151092	0.198935	0.202363	0.182487	0.765587	125
126	0.018563	1.257087	0.534348	0.840509	0.557752	0.401223	0.461625	0.148652	0.198439	0.202986	0.183717	0	126
127	0.018563	0.018563	0.548908	0.840492	0.556991	0.463277	0.458483	0.148702	0.198497	0.202833	0.184449	0	127
128	0.042361	0.042361	0.532059	0.840262	0.55384	0.397946	0.459994	0.148166	0.198191	0.202544	0.18425	0	128
129	0.028719	1.171605	0.517631	0.839273	0.560573	0.425743	0.395514	0.153431	0.201646	0.205582	0.185334	0	129
130	0.028719	0.028719	0.515659	0.83959	0.5579	0.429276	0.388859	0.153159	0.201479	0.205667	0.185186	0	130
131	0.03575	0.03575	0.512939	0.839905	0.55799	0.42436	0.384519	0.153415	0.201406	0.205459	0.184827	0	131
132	0.041869	1.33684	0.530456	0.836621	0.560078	0.447382	0.414999	0.143951	0.196221	0.202491	0.184218	0	132
133	0.014266	0.041869	0.513721	0.836564	0.555118	0.469512	0.35469	0.144332	0.196284	0.201974	0.184511	0	133
134	0.014266	0.014266	0.519531	0.836587	0.555765	0.488884	0.356958	0.144336	0.196457	0.202386	0.184548	0	134
135	0.021035	1.533335	0.507133	0.840651	0.567759	0.42243	0.364738	0.150828	0.199569	0.203641	0.184819	0	135
136	0.021035	0.021035	0.495309	0.840601	0.57184	0.41085	0.337228	0.150254	0.199149	0.202843	0.184716	0	136
137	0.052493	0.052493	0.507767	0.84085	0.572198	0.416224	0.36806	0.151169	0.199493	0.20359	0.185113	0	137
138	0.017876	1.314609	0.507876	0.83627	0.57453	0.402375	0.374522	0.148161	0.198588	0.203214	0.183883	0	138
139	0.017876	0.017876	0.506964	0.836355	0.574754	0.399751	0.373628	0.148218	0.198562	0.203553	0.182663	0	139
140	0.042516	0.042516	0.509475	0.836923	0.573746	0.408582	0.374797	0.147703	0.198125	0.202899	0.183681	0	140
141	0.036409	1.307112	0.489914	0.839529	0.552502	0.400467	0.337122	0.152228	0.201204	0.205442	0.184219	0	141
142	0.034649	0.036409	0.495143	0.83961	0.552811	0.393594	0.356887	0.152088	0.201035	0.20562	0.184532	0	142
143	0.034649	0.034649	0.488083	0.8396	0.555835	0.393237	0.334994	0.151956	0.200762	0.2052	0.184899	0	143
144	0.048786	1.241776	0.535551	0.840856	0.550594	0.415432	0.457329	0.146592	0.1984	0.203656	0.1838	0	144
145	0.015522	0.048786	0.508322	0.841076	0.55019	0.417738	0.37707	0.146938	0.198446	0.203258	0.184059	0	145
146	0.015522	0.015522	0.512157	0.840993	0.550771	0.415176	0.389722	0.146933	0.198203	0.20347	0.184706	0	146
147	0.018002	1.439651	0.512089	0.861397	0.594475	0.398435	0.376706	0.154399	0.202618	0.205604	0.186186	0	147
148	0.018002	0.018002	0.513306	0.861379	0.594479	0.403826	0.376226	0.154105	0.202278	0.205425	0.185986	0	148
149	0.070984	0.070984	0.500283	0.861505	0.586262	0.403006	0.34518	0.155838	0.203059	0.205989	0.186511	0	149
150	0.020681	1.280782	0.551946	0.862204	0.59668	0.430018	0.459798	0.153253	0.203958	0.207621	0.186671	0	150
151	0.020681	0.020681	0.548123	0.862201	0.596572	0.428623	0.450263	0.153361	0.204042	0.207878	0.187384	0	151
152	0.044635	0.044635	0.546937	0.861988	0.597211	0.427122	0.447843	0.152617	0.203599	0.207278	0.187816	0	152
153	0.031456	1.110761	0.506066	0.854331	0.589691	0.421813	0.344219	0.157573	0.206403	0.210604	0.190406	0	153
154	0.031456	0.031456	0.510276	0.854876	0.588753	0.424083	0.354557	0.157667	0.206403	0.210443	0.190388	0	154
155	0.033461	0.033461	0.514037	0.854093	0.590817	0.425849	0.362948	0.157774	0.206349	0.210427	0.190774	0	155
156	0.045296	1.274489	0.51726	0.854216	0.575084	0.448372	0.360579	0.146471	0.198251	0.2043	0.186239	0	156
157	0.016521	0.045296	0.516859	0.854047	0.578313	0.44817	0.357721	0.146954	0.198225	0.204374	0.186394	0	157
158	0.016521	0.016521	0.516225	0.854009	0.575431	0.446645	0.358794	0.146891	0.198056	0.204326	0.185377	0	158
159	0.024244	1.407942	0.526892	0.849388	0.572068	0.425687	0.410203	0.153666	0.203593	0.208135	0.188316	0	159
160	0.024244	0.024244	0.528404	0.849634	0.572167	0.405697	0.428713	0.153424	0.203721	0.208153	0.18782	0	160
161	0.062342	0.062342	0.521252	0.850061	0.572166	0.405707	0.408072	0.154436	0.204254	0.20853	0.188251	0	161
162	0.016573	1.303737	0.510993	0.841048	0.560506	0.435947	0.361795	0.149006	0.201768	0.207045	0.186722	0	162
163	0.016573	0.016573	0.501306	0.840985	0.560342	0.385971	0.371355	0.149152	0.201876	0.207508	0.186336	0	163
164	0.043132	0.043132	0.497572	0.841014	0.559677	0.38494	0.361757	0.148095	0.201039	0.206772	0.185731	0	164
165	0.034331	1.321839	0.525332	0.840129	0.562495	0.434553	0.403081	0.154586	0.206108	0.209615	0.189613	0	165
166	0.034331	0.034331	0.530523	0.840279	0.562327	0.460493	0.398682	0.154618	0.205918	0.209952	0.189869	0	166
167	0.037277	0.037277	0.530605	0.840418	0.561687	0.438217	0.41619	0.154573	0.205833	0.210232	0.190284	0	167
168	0.041516	1.211323	0.537076	0.841604	0.56363	0.434149	0.434389	0.1493	0.20373	0.208532	0.189672	0	168
169	0.012535	0.041516	0.540245	0.841641	0.563436	0.437478	0.441406	0.149571	0.203736	0.208409	0.188821	0	169
170	0.012535	0.012535	0.538382	0.841634	0.563377	0.426966	0.44398	0.149568	0.203924	0.208522	0.189341	0	170
171	0.02109	1.463805	0.530534	0.862079	0.589351	0.46718	0.372849	0.156024	0.207442	0.210926	0.190111	0	171
172	0.02109	0.02109	0.535804	0.862034	0.589593	0.449371	0.400703	0.155736	0.207659	0.210672	0.1909	0	172
173	0.051368	0.051368	0.554459	0.862238	0.590065	0.477075	0.432805	0.156871	0.208045	0.210689	0.190817	0	173
174	0.014624	1.245666	0.511614	0.852809	0.5673	0.416985	0.367914	0.152139	0.204638	0.208976	0.189357	0	174
175	0.014624	0.014624	0.511551	0.852695	0.56724	0.416885	0.367925	0.15216	0.204605	0.209175	0.189771	0	175
176	0.035637	0.035637	0.517491	0.852812	0.568039	0.437787	0.368666	0.151683	0.204584	0.209184	0.189392	0	176
177	0.030947	1.105436	0.51409	0.845311	0.55366	0.439024	0.368293	0.155544	0.207633	0.21255	0.192119	0	177
178	0.028527	0.030947	0.516926	0.845431	0.55316	0.448916	0.369199	0.15523	0.207158	0.212227	0.192472	0	178
179	0.028527	0.028527	0.514918	0.845483	0.55677	0.434642	0.372023	0.155593	0.20748	0.212478	0.192127	0	179
180	0.048424	1.313155	0.507167	0.843673	0.56285	0.397714	0.370847	0.145201	0.199821	0.2073	0.190199	0	180
181	0.014852	0.048424	0.515347	0.843446	0.561699	0.405614	0.390055	0.145828	0.200412	0.207377	0.190631	0	181
182	0.014852	0.014852	0.502714	0.843756	0.559295	0.410869	0.349625	0.145802	0.20035	0.207679	0.190128	0	182
183	0.022512	1.396536	0.514525	0.839543	0.549342	0.462511	0.355737	0.151377	0.204468	0.208925	0.189248	0	183
184	0.022512	0.022512	0.533817	0.839436	0.554284	0.470091	0.404139	0.150893	0.204299	0.208869	0.188808	0	184
185	0.04136	0.04136	0.535941	0.839537	0.553985	0.47309	0.408326	0.151852	0.204481	0.209463	0.189446	0	185
186	0.015433	1.394232	0.514558	0.831838	0.560784	0.42017	0.380644	0.145922	0.20099	0.207646	0.189006	0	186
187	0.015433	0.015433	0.518916	0.831766	0.56147	0.444619	0.373801	0.14597	0.201008	0.207654	0.188708	0	187
188	0.039163	0.039163	0.509094	0.832031	0.561708	0.419553	0.363671	0.145537	0.200619	0.207471	0.188223	0	188
189	0.02384	1.386872	0.503017	0.832754	0.538899	0.423049	0.360966	0.151849	0.204906	0.209137	0.190526	0	189
190	0.02384	0.02384	0.501985	0.832557	0.53998	0.422478	0.357667	0.151679	0.204704	0.209174	0.190214	0	190
191	0.034738	0.034738	0.507604	0.832281	0.53711	0.429657	0.370969	0.15177	0.204908	0.209261	0.189803	0	191
192	0.040179	1.201129	0.520592	0.834364	0.551505	0.440656	0.38917	0.145336	0.201083	0.207204	0.189986	0	192
193	0.0135	0.040179	0.518954	0.834438	0.549076	0.440774	0.385724	0.145787	0.201174	0.206913	0.190634	0	193
194	0.0135	0.0135	0.519552	0.834384	0.549431	0.440544	0.387544	0.145769	0.201019	0.206934	0.189439	0	194
195	0.02653	1.399427	0.519315	0.847928	0.558283	0.470675	0.364116	0.151674	0.202417	0.206561	0.188526	0	195
196	0.02653	0.02653	0.521831	0.847939	0.558252	0.471702	0.370567	0.151225	0.202115	0.205959	0.188884	0	196
197	0.067244	0.067244	0.50865	0.84804	0.556319	0.426785	0.367575	0.152748	0.203016	0.207351	0.189017	0	197
198	0.016352	1.392016	0.509923	0.840602	0.557618	0.437616	0.362217	0.148199	0.201552	0.207924	0.189612	0	198
199	0.016352	0.016352	0.505523	0.840624	0.557252	0.420831	0.362453	0.148088	0.201455	0.207723	0.190249	0	199
200	0.044701	0.044701	0.504861	0.840536	0.557997	0.424449	0.357549	0.147548	0.201395	0.2073	0.189713	0	200
201	0.029203	1.263612	0.518252	0.840308	0.550044	0.423545	0.402553	0.154152	0.205223	0.209852	0.19222	0	201
202	0.029203	0.029203	0.5114	0.840362	0.550289	0.420346	0.384997	0.154343	0.205377	0.210149	0.191686	0	202
203	0.04244	0.04244	0.523107	0.840292	0.549659	0.42084	0.418876	0.154748	0.205901	0.21044	0.192168	0	203
204	0.037847	1.381248	0.51018	0.835166	0.543737	0.392979	0.406635	0.145751	0.200272	0.206793	0.189275	0	204
205	0.012916	0.037847	0.505021	0.835093	0.543274	0.394464	0.390758	0.146208	0.200432	0.206271	0.189058	0	205
206	0.012916	0.012916	0.49405	0.835135	0.543196	0.390989	0.361375	0.146157	0.200423	0.206211	0.189588	0	206
207	0.026781	1.467072	0.499776	0.83526	0.534759	0.40204	0.377477	0.152803	0.204968	0.20887	0.191382	0	207
208	0.026781	0.026781	0.48613	0.835199	0.535204	0.400019	0.339159	0.152497	0.204996	0.209333	0.191487	0	208
209	0.046182	0.046182	0.486571	0.835297	0.534563	0.403862	0.337952	0.153103	0.205046	0.209255	0.192345	0	209
210	0.01885	1.35794	0.49648	0.829916	0.536503	0.432052	0.342576	0.146012	0.200055	0.205626	0.189837	0	210
211	0.01885	0.01885	0.496139	0.829797	0.535037	0.431882	0.342737	0.146159	0.199881	0.205832	0.188996	0	211
212	0.044525	0.044525	0.500987	0.829794	0.535937	0.435439	0.353823	0.145626	0.199983	0.205934	0.189436	0	212
213	0.032591	1.361109	0.482918	0.828641	0.531137	0.395565	0.336493	0.153791	0.207255	0.212148	0.194519	0	213
214	0.032476	0.032591	0.484675	0.828633	0.531468	0.402149	0.336328	0.153438	0.206973	0.212054	0.194392	0	214
215	0.032476	0.032476	0.487623	0.828598	0.531382	0.406186	0.342089	0.153746	0.207336	0.212057	0.194454	0	215
216	0.036949	1.410013	0.5018	0.831802	0.536426	0.391938	0.390695	0.146181	0.202317	0.208079	0.191544	0	216
217	0.010731	0.036949	0.501721	0.831809	0.53613	0.390848	0.39144	0.146632	0.202086	0.207632	0.192032	0	217
218	0.010731	0.010731	0.502124	0.831921	0.53837	0.390316	0.391505	0.146758	0.202387	0.207685	0.192016	0	218
219	0.020867	1.711424	0.5167	0.856097	0.583757	0.429019	0.373736	0.156636	0.208377	0.212814	0.195545	0	219
220	0.020867	0.020867	0.524668	0.856009	0.583582	0.456029	0.376496	0.156496	0.208549	0.212787	0.19531	0	220
221	0.077688	0.077688	0.529248	0.85657	0.582435	0.471239	0.378683	0.157385	0.208942	0.213229	0.196176	0	221
222	0.016599	1.36593	0.503011	0.853536	0.564907	0.405903	0.362643	0.154714	0.207168	0.213113	0.196262	0	222
223	0.016599	0.016599	0.512916	0.853623	0.568465	0.405881	0.388662	0.154729	0.207288	0.213125	0.196699	0	223
224	0.04262	0.04262	0.507451	0.853545	0.565401	0.40722	0.373998	0.154357	0.207145	0.213404	0.19713	0	224
225	0.035172	1.253569	0.505946	0.847537	0.564859	0.404977	0.371855	0.15948	0.211194	0.216096	0.198792	0	225
226	0.035172	0.035172	0.505663	0.847669	0.565001	0.403634	0.371896	0.159324	0.210951	0.215739	0.198557	0	226
227	0.047159	0.047159	0.51077	0.847494	0.567112	0.41048	0.380294	0.159538	0.211029	0.216107	0.198295	0	227
228	0.038681	1.497152	0.498049	0.848012	0.557638	0.428786	0.334968	0.147726	0.202683	0.20951	0.193381	0	228
229	0.012661	0.038681	0.499905	0.847709	0.556932	0.431817	0.338533	0.148483	0.203296	0.209864	0.193996	0	229
230	0.012661	0.012661	0.499637	0.847712	0.558845	0.432036	0.336426	0.148336	0.203017	0.209512	0.193592	0	230
231	0.030474	1.610155	0.502993	0.84428	0.555412	0.424062	0.355412	0.157151	0.210279	0.21529	0.197147	0	231
232	0.030474	0.030474	0.493009	0.84428	0.555412	0.422012	0.327878	0.156354	0.209667	0.214867	0.19678	0	232
233	0.058507	0.058507	0.503741	0.844453	0.556042	0.418005	0.36156	0.157286	0.210322	0.215212	0.197298	0	233
234	0.020986	1.398485	0.504245	0.8362	0.542894	0.452153	0.345316	0.15433	0.20931	0.21491	0.197795	0	234
235	0.020986	0.020986	0.497801	0.836185	0.543767	0.452647	0.325283	0.154341	0.209407	0.214903	0.197384	0	235
236	0.05031	0.05031	0.498492	0.836279	0.543407	0.454974	0.325749	0.153285	0.208728	0.215238	0.197221	0	236
237	0.036542	1.455327	0.497037	0.831806	0.531472	0.407471	0.369541	0.15939	0.213688	0.219975	0.201604	0	237
238	0.030769	0.036542	0.498178	0.831728	0.531896	0.409186	0.371339	0.159088	0.213331	0.219578	0.202034	0	238
239	0.030769	0.030769	0.511405	0.831934	0.532181	0.408251	0.41082	0.159454	0.213741	0.219916	0.20253	0	239
240	0.04811	1.415402	0.513849	0.83071	0.528042	0.417605	0.41287	0.151654	0.20998	0.217066	0.198845	0	240
241	0.019359	0.04811	0.517736	0.830718	0.527963	0.419097	0.423149	0.152394	0.210091	0.217429	0.19875	0	241
242	0.019359	0.019359	0.517441	0.830746	0.5266	0.424549	0.419033	0.152295	0.21007	0.217511	0.199827	0	242
243	0.033028	1.642346	0.536463	0.861672	0.570154	0.466978	0.406176	0.162944	0.218133	0.224143	0.207708	0	243
244	0.033028	0.033028	0.541419	0.861524	0.566595	0.466145	0.422794	0.16259	0.21788	0.224324	0.207082	0	244
245	0.061856	0.061856	0.542161	0.861625	0.564296	0.467278	0.425357	0.16386	0.218509	0.224691	0.207319	0	245
246	0.017688	1.58948	0.528385	0.852807	0.571344	0.458218	0.390302	0.156663	0.213325	0.220686	0.201602	0	246
247	0.017688	0.017688	0.532573	0.852853	0.571921	0.45898	0.401299	0.156758	0.213357	0.220756	0.202281	0	247
248	0.045366	0.045366	0.541696	0.853003	0.569581	0.480139	0.412779	0.155878	0.213093	0.219942	0.201483	0	248
249	0.775514	1.357056	0.540548	0.845804	0.556516	0.463052	0.432611	0.164306	0.219926	0.225823	0.207595	0	249
250	0.01965	0.775514	0.538346	0.838948	0.55865	0.46351	0.427048	0.163382	0.219436	0.225422	0.20741	0	250
251	0.01965	0.01965	0.536006	0.838946	0.555477	0.480262	0.409446	0.163678	0.219791	0.225881	0.207298	0	251
252	0.013137	1.583434	0.526457	0.841049	0.544594	0.448048	0.411705	0.153994	0.210768	0.218043	0.202622	0	252
253	0.013137	0.013137	0.534946	0.841078	0.545416	0.446138	0.437375	0.154294	0.211046	0.218421	0.203696	0	253
254	0.032663	0.032663	0.52853	0.841123	0.545729	0.454854	0.41182	0.154086	0.210918	0.217934	0.202945	0	254
255	0.038527	1.731335	0.562975	0.844386	0.556363	0.49276	0.47588	0.162234	0.216285	0.223521	0.206109	0	255
256	0.033021	0.038527	0.56052	0.844299	0.555513	0.483273	0.476514	0.161987	0.215967	0.223132	0.206261	0	256
257	0.033021	0.033021	0.560341	0.844456	0.554432	0.482872	0.476953	0.162291	0.216121	0.222828	0.206447	0	257
258	0.059366	1.492038	0.52993	0.830991	0.550821	0.426158	0.436885	0.152821	0.210962	0.218808	0.202143	0	258
259	0.019353	0.059366	0.527967	0.83109	0.550806	0.423135	0.433398	0.153565	0.211119	0.218731	0.201955	0	259
260	0.019353	0.019353	0.528768	0.83111	0.550363	0.425345	0.434328	0.153557	0.210924	0.218832	0.201624	0	260
261	0.029969	1.47617	0.514747	0.826541	0.541458	0.426194	0.399241	0.157831	0.214524	0.222081	0.204666	0	261
262	0.029969	0.029969	0.514254	0.82656	0.542129	0.422425	0.400294	0.157348	0.214483	0.221481	0.204626	0	262
263	0.05253	0.05253	0.515343	0.826585	0.541666	0.422999	0.403402	0.158612	0.214973	0.221855	0.204487	0	263
264	0.022033	1.492124	0.519183	0.833636	0.536463	0.440146	0.402034	0.154	0.210159	0.21801	0.202045	0	264
265	0.022033	0.022033	0.505671	0.8338	0.538453	0.433336	0.365212	0.153896	0.210201	0.218157	0.202024	0	265
266	0.053603	0.053603	0.507896	0.833716	0.537276	0.442188	0.365767	0.15311	0.209932	0.21763	0.202517	0	266
267	0.040098	1.709571	0.527842	0.859789	0.560195	0.447672	0.399041	0.167262	0.220504	0.227707	0.209808	0	267
268	0.040098	0.040098	0.523424	0.859753	0.559735	0.442023	0.390821	0.166913	0.220829	0.227741	0.208883	0	268
269	0.044941	0.044941	0.549991	0.859882	0.557708	0.440263	0.47035	0.167219	0.220907	0.227833	0.208871	0	269
270	0.054732	1.692144	0.505212	0.840775	0.5437	0.413175	0.375586	0.155978	0.213919	0.223454	0.204986	0	270
271	0.018673	0.054732	0.503756	0.840879	0.546375	0.424496	0.360572	0.157308	0.214343	0.223503	0.205704	0	271
272	0.018673	0.018673	0.512706	0.840972	0.546725	0.399353	0.406639	0.157233	0.214479	0.223501	0.20523	0	272
273	0.033566	1.483567	0.516138	0.830954	0.532762	0.433114	0.403468	0.16264	0.220106	0.228969	0.211503	0	273
274	0.033566	0.033566	0.517187	0.83091	0.532462	0.42028	0.417078	0.162141	0.219835	0.228732	0.211179	0	274
275	0.054456	0.054456	0.528749	0.830969	0.531449	0.424876	0.448578	0.163558	0.220495	0.229625	0.21131	0	275
276	0.015935	1.520129	0.520156	0.833379	0.535007	0.424842	0.419664	0.156505	0.214941	0.225079	0.210054	0	276
277	0.015935	0.015935	0.507185	0.833369	0.534648	0.429698	0.377001	0.156521	0.214811	0.225329	0.209953	0	277
278	0.044874	0.044874	0.524128	0.833499	0.534671	0.433231	0.424983	0.156259	0.214915	0.225075	0.21035	0	278
279	0.029556	1.599172	0.51005	0.83498	0.54083	0.443017	0.370342	0.165815	0.222753	0.231013	0.213571	0	279
280	0.029556	0.029556	0.519678	0.834846	0.539762	0.441111	0.401551	0.165576	0.222852	0.230879	0.213968	0	280
281	0.039894	0.039894	0.509762	0.834759	0.537684	0.441759	0.372742	0.165933	0.223096	0.231015	0.213987	0	281
282	0.051284	1.406265	0.511896	0.827018	0.524985	0.446568	0.382462	0.157884	0.218618	0.228351	0.210316	0	282
283	0.017694	0.051284	0.51347	0.82736	0.523341	0.447436	0.387564	0.158786	0.219052	0.228141	0.210742	0	283
284	0.017694	0.017694	0.511667	0.827355	0.523124	0.447677	0.381955	0.158767	0.219016	0.22855	0.209591	0	284
285	0.024414	1.352164	0.514232	0.822168	0.526285	0.41459	0.419711	0.162142	0.222457	0.232184	0.214252	0	285
286	0.024414	0.024414	0.50604	0.822141	0.527137	0.414875	0.393664	0.161631	0.222072	0.232077	0.214609	0	286
287	0.046345	0.046345	0.508571	0.822261	0.521601	0.426621	0.395792	0.162538	0.222631	0.232321	0.214062	0	287
288	0.021031	1.434429	0.53685	0.828969	0.534406	0.439054	0.462088	0.156223	0.216705	0.226261	0.210271	0	288
289	0.021031	0.021031	0.533734	0.829078	0.534408	0.438465	0.452938	0.156314	0.216893	0.226274	0.21144	0	289
290	0.046872	0.046872	0.510561	0.828723	0.533175	0.442661	0.379679	0.155511	0.216542	0.226715	0.210902	0	290
291	0.032311	1.75776	0.516786	0.849782	0.551151	0.474224	0.360101	0.170971	0.227982	0.235504	0.217154	0	291
292	0.032311	0.032311	0.519612	0.849824	0.551489	0.473191	0.368819	0.170635	0.227533	0.235118	0.217465	0	292
293	0.050007	0.050007	0.51586	0.850447	0.55125	0.473205	0.357861	0.170857	0.227891	0.235642	0.218947	0	293
294	0.059026	1.320284	0.495388	0.837701	0.541632	0.405339	0.355805	0.163033	0.224182	0.234652	0.217877	0	294
295	0.018479	0.059026	0.516706	0.837262	0.541796	0.44953	0.384359	0.163994	0.224814	0.235554	0.218062	0	295
296	0.018479	0.018479	0.514012	0.837108	0.542096	0.477738	0.354127	0.163933	0.224617	0.235047	0.217353	0	296
297	0.034374	1.138396	0.505088	0.829593	0.54563	0.409239	0.383759	0.16612	0.226392	0.23626	0.218229	0	297
298	0.034374	0.034374	0.50412	0.82955	0.546264	0.407415	0.381957	0.165177	0.225989	0.235639	0.217972	0	298
299	0.061029	0.061029	0.505712	0.829498	0.546365	0.408951	0.385458	0.166917	0.227157	0.23643	0.218779	0	299
300	0.021408	1.470536	0.535711	0.831199	0.549136	0.469011	0.424268	0.157333	0.217927	0.229136	0.214588	0	300
301	0.021408	0.021408	0.535775	0.831176	0.549292	0.448139	0.440844	0.157353	0.218106	0.229614	0.215021	0	301
302	0.052603	0.052603	0.537664	0.831239	0.549912	0.459536	0.437069	0.156663	0.217797	0.229109	0.214439	0	302
303	0.031233	1.630576	0.568076	0.838028	0.531296	0.507224	0.501338	0.169397	0.227726	0.237358	0.21947	0	303
304	0.031233	0.031233	0.567842	0.838339	0.532187	0.503237	0.503037	0.169245	0.227526	0.237236	0.219627	0	304
305	0.039759	0.039759	0.568989	0.838628	0.533637	0.503536	0.505088	0.169529	0.227581	0.237198	0.22035	0	305
306	0.054683	1.588045	0.531219	0.825913	0.527605	0.479869	0.416309	0.156233	0.217254	0.229328	0.214691	0	306
307	0.015657	0.054683	0.532838	0.826019	0.526977	0.477083	0.423982	0.156936	0.217605	0.229501	0.214459	0	307
308	0.015657	0.015657	0.532332	0.825954	0.527037	0.475838	0.423451	0.157004	0.217605	0.229492	0.21427	0	308
309	0.029004	1.50276	0.536748	0.825276	0.527967	0.442802	0.464795	0.165568	0.22762	0.238683	0.223254	0	309
310	0.029004	0.029004	0.536572	0.825131	0.528282	0.44206	0.464725	0.165097	0.22733	0.238236	0.222439	0	310
311	0.058761	0.058761	0.527531	0.825224	0.53069	0.396795	0.472214	0.16637	0.227942	0.238866	0.223568	0	311
312	0.018977	1.380023	0.521681	0.827826	0.531613	0.407184	0.443861	0.156666	0.219044	0.231236	0.217857	0	312
313	0.018977	0.018977	0.525496	0.827302	0.531056	0.412073	0.452242	0.156723	0.219	0.231087	0.217549	0	313
314	0.045239	0.045239	0.518382	0.827798	0.531213	0.414298	0.428096	0.156211	0.218726	0.230698	0.217192	0	314
315	0.031738	1.650615	0.528844	0.848249	0.56096	0.46041	0.398068	0.174252	0.235235	0.244608	0.226296	0	315
316	0.031738	0.031738	0.528314	0.848113	0.558374	0.463607	0.395597	0.174286	0.235083	0.244258	0.226412	0	316
317	0.037909	0.037909	0.530754	0.848237	0.561636	0.451182	0.410568	0.174308	0.234894	0.244173	0.226618	0	317
318	0.060748	1.462569	0.543175	0.839601	0.556238	0.482961	0.42529	0.162958	0.227459	0.239602	0.223256	0	318
319	0.021601	0.060748	0.561847	0.839386	0.55722	0.468208	0.492379	0.164171	0.228097	0.23947	0.223545	0	319
320	0.021601	0.021601	0.562677	0.839426	0.556507	0.469854	0.493994	0.164094	0.227916	0.239657	0.223293	0	320
321	0.0295	1.310035	0.531537	0.835364	0.545044	0.454806	0.423121	0.172205	0.235633	0.245693	0.228857	0	321
322	0.0295	0.0295	0.534806	0.835333	0.543926	0.460053	0.429519	0.171522	0.235018	0.245398	0.228467	0	322
323	0.053496	0.053496	0.524433	0.835316	0.543949	0.448356	0.40766	0.172582	0.235766	0.245832	0.229158	0	323
324	0.019836	1.362648	0.551009	0.836026	0.541795	0.461269	0.47625	0.1641	0.227552	0.239421	0.225763	0	324
325	0.019836	0.019836	0.55149	0.836195	0.542583	0.461937	0.476563	0.164308	0.227851	0.240157	0.226726	0	325
326	0.05391	0.05391	0.552316	0.836125	0.542126	0.464097	0.47767	0.16334	0.227215	0.239761	0.225088	0	326
327	0.02977	1.459817	0.534729	0.834226	0.544404	0.434226	0.451506	0.172132	0.233294	0.243918	0.228994	0	327
328	0.02977	0.02977	0.534368	0.83431	0.5443	0.432704	0.451629	0.17178	0.233146	0.243168	0.228498	0	328
329	0.030548	0.030548	0.532839	0.834418	0.544519	0.416638	0.45974	0.172125	0.23335	0.243485	0.228646	0	329
330	0.061836	1.349061	0.535358	0.824824	0.524022	0.451012	0.454738	0.161847	0.226597	0.238785	0.225431	0	330
331	0.017562	0.061836	0.528151	0.825071	0.525911	0.442067	0.438386	0.162562	0.226757	0.238942	0.225987	0	331
332	0.017562	0.017562	0.5265	0.825069	0.526118	0.442313	0.432988	0.162429	0.226606	0.238681	0.22486	0	332
333	0.029446	1.295126	0.542019	0.821048	0.521489	0.427977	0.498834	0.16557	0.228674	0.240656	0.224535	0	333
334	0.029446	0.029446	0.533019	0.820926	0.521718	0.430425	0.46928	0.165272	0.228756	0.240507	0.224307	0	334
335	0.046248	0.046248	0.5448	0.821011	0.524027	0.41276	0.517751	0.166119	0.228974	0.240794	0.223476	0	335
336	0.021813	1.432672	0.513583	0.825527	0.525262	0.433709	0.402189	0.155023	0.217798	0.232076	0.219693	0	336
337	0.021813	0.021813	0.508539	0.825467	0.524459	0.430114	0.390335	0.155	0.217521	0.231606	0.219129	0	337
338	0.054876	0.054876	0.51239	0.825437	0.524075	0.429546	0.402846	0.15421	0.217363	0.230663	0.219305	0	338
339	0.031909	1.83613	0.512405	0.8575	0.57024	0.456313	0.344583	0.174247	0.232924	0.243333	0.224719	0	339
340	0.031909	0.031909	0.512386	0.857973	0.570512	0.453087	0.346405	0.174019	0.232955	0.243352	0.224126	0	340
341	0.041322	0.041322	0.509908	0.857554	0.569668	0.47007	0.327506	0.174078	0.232805	0.242711	0.224299	0	341
342	0.067664	1.397274	0.530268	0.851452	0.565073	0.471539	0.387173	0.166219	0.229135	0.241313	0.224726	0	342
343	0.021676	0.067664	0.531231	0.851695	0.565613	0.47675	0.385531	0.16712	0.229229	0.241237	0.225054	0	343
344	0.021676	0.021676	0.534131	0.851784	0.565889	0.448897	0.414373	0.167049	0.229274	0.240414	0.225578	0	344
345	0.031962	1.210261	0.523021	0.84507	0.548492	0.451432	0.393195	0.171024	0.232721	0.243522	0.226969	0	345
346	0.031962	0.031962	0.5248	0.845006	0.548336	0.456306	0.3949	0.170604	0.232647	0.243191	0.226508	0	346
347	0.064906	0.064906	0.523587	0.844945	0.54734	0.45491	0.392933	0.172347	0.23364	0.244134	0.22762	0	347
348	0.021931	1.4112	0.51988	0.843022	0.545244	0.484306	0.360454	0.164846	0.2275	0.238239	0.224354	0	348
349	0.021931	0.021931	0.520142	0.843984	0.54591	0.485897	0.359072	0.165152	0.228001	0.238499	0.224793	0	349
350	0.055959	0.055959	0.524853	0.844078	0.545168	0.48376	0.375089	0.16449	0.227877	0.238271	0.224885	0	350
351	0.03208	1.551161	0.544527	0.846333	0.553541	0.436443	0.467651	0.174397	0.233702	0.243177	0.2253	0	351
352	0.03208	0.03208	0.546831	0.846174	0.554173	0.436209	0.474259	0.174277	0.233693	0.243232	0.225173	0	352
353	0.043468	0.043468	0.520415	0.845993	0.551282	0.438988	0.396655	0.17451	0.233882	0.24329	0.225695	0	353
354	0.058534	1.542061	0.533704	0.830646	0.540974	0.427433	0.452323	0.1627	0.226624	0.238924	0.22417	0	354
355	0.019777	0.058534	0.523409	0.830709	0.543261	0.430967	0.416731	0.163843	0.227215	0.239364	0.224751	0	355
356	0.019777	0.019777	0.557598	0.830764	0.542777	0.442713	0.51122	0.163682	0.227131	0.239627	0.223604	0	356
357	0.030844	1.430774	0.538876	0.828678	0.537412	0.474872	0.435187	0.171494	0.234297	0.24467	0.227407	0	357
358	0.030844	0.030844	0.538479	0.82872	0.537419	0.474655	0.434132	0.170999	0.234041	0.244539	0.227278	0	358
359	0.056709	0.056709	0.542471	0.828777	0.53741	0.473233	0.447381	0.172366	0.234976	0.245231	0.228221	0	359
360	0.064093	1.34387	0.545391	0.839332	0.532125	0.444249	0.478248	0.163933	0.22722	0.239233	0.225601	0	360
361	0.064093	0.064093	0.517714	0.839922	0.532359	0.443608	0.393921	0.164017	0.22725	0.239398	0.226505	0	361
362	0.181876	0.181876	0.563114	0.839678	0.535141	0.462857	0.515113	0.1627	0.226583	0.239317	0.225278	0	362
